,unique_id,district,pesticide,year,season,crop,field_latitude,field_longitude,plot_hectares,pest_disease,yield_kg_ph
0,874d18ad,Rutsiro,1.0,2016,a season,potato,-1.89560424050316,29.4616037787137,0.0100009450688958,1.0,6944.4395
1,670007f2,Rutsiro,1.0,2016,a season,potato,-1.93356253472726,29.4693401823163,0.0100009450688958,0.0,13611.101
2,810316a1,Rutsiro,1.0,2016,a season,potato,-1.9128800490153,29.4557471896017,0.0100009450688958,1.0,8819.4385
3,86b3d0f2,Rutsiro,1.0,2016,a season,potato,-1.91271704709043,29.4549311622505,0.03000283613801,1.0,5283.3306
4,1063ecfa,Rutsiro,1.0,2016,a season,potato,-1.75376082749354,29.339619058169,0.0250023640692234,1.0,9999.9941
5,063e1baf,Rutsiro,1.0,2016,a season,potato,-1.93770830455104,29.4570437506466,0.0100009450688958,1.0,8541.6611
6,e87982ee,Rutsiro,1.0,2016,a season,potato,-1.93305159523656,29.4387533590992,0.0200018901377916,1.0,4308.3311
7,f9d20c98,Rutsiro,1.0,2016,a season,potato,-1.76143316281048,29.3440149070948,0.0200018901377916,0.0,0.0
8,723cd615,Rutsiro,1.0,2016,a season,potato,-1.94372948126997,29.4346510716263,0.0175016559660435,1.0,9799.9941
9,04ab21a9,Rutsiro,1.0,2016,a season,potato,-1.9503390851237,29.434857234604,0.03000283613801,0.0,14799.991
10,1125940,Rutsiro,1.0,2016,a season,potato,-1.95630647191703,29.4218313779232,0.0450042560696602,1.0,4199.9971
11,01e88332,Rutsiro,0.0,2016,a season,potato,-1.92844454629411,29.4097928071728,0.0400037802755833,1.0,4999.9971
12,d08240c4,Rutsiro,0.0,2016,a season,potato,-1.9122186711626,29.4009435193095,0.100009456276894,0.0,9799.9941
13,e0854809,Rutsiro,1.0,2016,a season,potato,-1.76683865964146,29.3495110328919,0.03000283613801,0.0,6799.9956
14,56933524,Rutsiro,1.0,2016,a season,potato,-1.94031956098275,29.441735586098,0.0500047281384468,1.0,9399.9932
15,4a038c06,Rutsiro,1.0,2016,a season,potato,-1.95872597363277,29.4402768939262,0.0400037802755833,1.0,4199.9971
16,0b84cba9,Rutsiro,1.0,2016,a season,potato,-1.94105798868015,29.4350732531022,0.0287027135491371,1.0,10799.993
17,d0093fb3,Rutsiro,0.0,2016,a season,potato,-1.74973549172191,29.3749615434855,0.150014191865921,0.0,6199.9961
18,3f1836cf,Karongi,1.0,2016,a season,potato,-2.20459619640343,29.3910032193453,0.0200018901377916,0.0,8599.9941
19,60d68cca,Karongi,0.0,2016,a season,potato,-2.15104409948843,29.3686896661597,0.03000283613801,0.0,2508.6333
20,2561e9c6,Rutsiro,1.0,2016,a season,potato,-1.91885688232158,29.4320295227372,0.0100009450688958,1.0,5599.9966
21,6f23a405,Rutsiro,1.0,2016,a season,potato,-1.88730614079104,29.3520472756097,0.0350033119320869,0.0,6561.1064
22,f3f713f6,Rutsiro,1.0,2016,a season,potato,-1.95383056538013,29.4471616625753,0.0400037802755833,1.0,7199.9956
23,9f3916a4,Rutsiro,1.0,2016,a season,potato,-1.96005358999088,29.4362272794137,0.0550052002072334,1.0,5999.9961
24,ce9d27a0,Rutsiro,1.0,2016,a season,potato,-1.93764233958607,29.4623399506974,0.03000283613801,0.0,12199.992
25,27242269,Rutsiro,1.0,2016,a season,potato,-1.91905379170301,29.4520607568453,0.03000283613801,0.0,5361.1079
26,1ac47fad,Rutsiro,1.0,2016,a season,potato,-1.95450046495413,29.415599854833,0.03000283613801,1.0,2259.7205
27,a341b358,Rutsiro,1.0,2016,b season,potato,-1.94662191288991,29.4172205303546,0.03000283613801,0.0,6999.9956
28,a967c0af,Rutsiro,1.0,2016,b season,potato,-1.9504830287808,29.4353572641866,0.0350033119320869,1.0,13199.991
29,8f3c4636,Rutsiro,1.0,2016,b season,potato,-1.9458896826869,29.4329203029818,0.0500047281384468,1.0,7799.9946
30,9e2ef3b2,Rutsiro,1.0,2016,b season,potato,-1.93537155819044,29.4294257432198,0.0700066238641739,1.0,6799.9956
31,eaecf0fd,Rutsiro,1.0,2016,b season,potato,-1.94647583728981,29.4350573936811,0.03000283613801,1.0,2699.9983
32,434c2cef,Rutsiro,1.0,2016,b season,potato,-1.89457605321325,29.4603859391473,0.0200018901377916,0.0,3799.9973
33,3bc28afd,Rutsiro,1.0,2016,b season,potato,-1.94679678146867,29.4346413336212,0.0350033119320869,1.0,4299.9971
34,643c02e2,Rutsiro,1.0,2016,b season,potato,-1.94332394317261,29.4348926624814,0.0350033119320869,1.0,2199.9985
35,15cd762d,Gatsibo,0.0,2016,b season,potato,-1.69404958384548,30.3046504021997,0.03000283613801,0.0,3699.9978
36,78ee763a,Rutsiro,1.0,2016,b season,potato,-1.9387404795407,29.4991182798531,0.150014191865921,1.0,3199.998
37,0b91b779,Rutsiro,1.0,2016,b season,potato,-1.8946324715222,29.4605310849601,0.0200018901377916,0.0,8799.9941
38,0b937e2c,Rutsiro,1.0,2016,b season,potato,-1.89126675905978,29.4620740126523,0.0700066238641739,1.0,12399.992
39,9ef544bd,Rutsiro,1.0,2016,b season,potato,-1.92574669883804,29.4334198533053,0.100009456276894,0.0,8399.9941
40,f5c71508,Rutsiro,0.0,2016,b season,potato,-1.93924524227962,29.4189080115558,0.0400037802755833,0.0,2899.998
41,7d4bb3ed,Rutsiro,1.0,2016,b season,potato,-1.94081271989776,29.494668640636,0.0200018901377916,0.0,7199.9956
42,b3aa3296,Rutsiro,1.0,2016,b season,potato,-1.92868502580736,29.4374674166532,0.0500047281384468,1.0,7199.9956
43,5f8a2d6f,Rutsiro,1.0,2016,b season,potato,-1.93580282314691,29.427101085205,0.0500047281384468,0.0,1899.9987
44,510d39f7,Rutsiro,1.0,2016,b season,potato,-1.92576474758773,29.4333956487594,0.0500047281384468,0.0,7599.9946
45,c8e1a834,Rutsiro,1.0,2016,b season,potato,-1.93602934155323,29.435372792925,0.015001418069005,1.0,5199.9966
46,e6e22dea,Rutsiro,1.0,2016,b season,potato,-1.91610061512672,29.4746114159494,0.0100009450688958,0.0,3799.9973
47,5f11202a,Rutsiro,1.0,2016,b season,potato,-1.94414958391663,29.4828319285299,0.0600056722760201,0.0,5999.9961
48,c23edab0,Rutsiro,1.0,2016,b season,potato,-1.89456400283536,29.4604224351115,0.0200018901377916,0.0,8599.9941
49,87f1673b,Rutsiro,1.0,2016,b season,potato,-1.96413306635921,29.4426154920916,0.0800075605511665,1.0,13999.991
50,8dc34710,Rutsiro,1.0,2016,b season,potato,-1.94051512886283,29.4881598975558,0.0500047281384468,1.0,5799.9961
51,1d352804,Rutsiro,1.0,2016,b season,potato,-1.93598168139371,29.4414324621799,0.015001418069005,1.0,9799.9941
52,bd5908b1,Rutsiro,1.0,2016,b season,potato,-1.89463189717955,29.4603613978148,0.0200018901377916,0.0,5799.9961
53,945545fa,Rutsiro,1.0,2016,b season,potato,-1.89574490742103,29.4614515615251,0.03000283613801,1.0,15622.671
54,9ae6ae66,Rutsiro,1.0,2016,b season,potato,-1.94587566637,29.4438881692787,0.0600056722760201,1.0,5299.9961
55,514ae869,Rutsiro,1.0,2016,b season,potato,-1.94671734973271,29.4404727836747,0.0550052002072334,1.0,7799.9946
56,3903dbcc,Gatsibo,0.0,2016,b season,potato,-1.68726169097729,30.2961021387644,0.12001134455204,0.0,999.99933
57,e9ce725b,Rutsiro,0.0,2016,b season,potato,-1.93527314791121,29.4383157099223,0.0200018901377916,0.0,2799.9983
58,30b3baa8,Rutsiro,1.0,2016,b season,potato,-1.94265158688023,29.4384010147021,0.0260024592280388,0.0,5599.9966
59,d89c6681,Rutsiro,1.0,2016,b season,potato,-1.94931268514093,29.4253505408454,0.0400037802755833,1.0,5099.9971
60,1ceead33,Rutsiro,1.0,2016,b season,potato,-1.92232426207039,29.4558717237558,0.0200018901377916,1.0,5799.9961
61,b31cd22b,Rutsiro,1.0,2016,b season,potato,-1.9425084196889,29.4389474689599,0.0450042560696602,1.0,7599.9946
62,ce4b8b9d,Rutsiro,1.0,2016,b season,potato,-1.93015671962471,29.4403020382058,0.0100009450688958,1.0,5999.9961
63,cf290651,Rutsiro,1.0,2016,b season,potato,-1.94581542396469,29.4356435171609,0.0550052002072334,1.0,4399.9971
64,78d5ded8,Rutsiro,1.0,2016,b season,potato,-1.9182581829331,29.447224629093,0.03000283613801,1.0,5199.9966
65,2587a142,Rutsiro,1.0,2016,b season,potato,-1.92871824895252,29.4457499019461,0.150014191865921,0.0,2399.9985
66,998a2e08,Rutsiro,1.0,2016,b season,potato,-1.93903187704423,29.4246666988439,0.03000283613801,1.0,6699.9956
67,4b655c20,Rutsiro,1.0,2016,b season,potato,-1.94702769332128,29.4393637042504,0.0450042560696602,1.0,4299.9971
68,ae355802,Rutsiro,1.0,2016,b season,potato,-1.91354454114813,29.4429421667297,0.0100009450688958,0.0,4999.9971
69,1498872a,Rutsiro,1.0,2016,b season,potato,-1.95649534891076,29.4220047413742,0.0500047281384468,1.0,9599.9941
70,b5d441ab,Gatsibo,0.0,2019,a season,potato,-1.6933497,30.4096999,0.0899999961256981,0.0,20555.541
71,5e7f6f01,Rubengera,0.0,2019,a season,potato,-2.0042035,29.4911002,0.300000011920929,1.0,12777.769
72,52daee4f,Rubengera,1.0,2019,a season,potato,-2.02987148381724,29.4488780118381,0.0400000028312206,1.0,30194.424
73,22afe0e5,Gatsibo,0.0,2019,a season,potato,-1.72422826400944,30.3256661924028,0.0400000028312206,0.0,3055.5535
74,dd668b4c,Rutsiro,1.0,2019,a season,potato,-1.89984119240026,29.2964317434057,0.0400000028312206,1.0,20277.764
75,a49baeba,Rubengera,1.0,2019,a season,potato,-2.01664386174136,29.4613646803745,0.0300000011920929,1.0,22722.207
76,ba15a5da,Bugarama,0.0,2019,b season,potato,-2.6534704,28.9102148,0.0300000011920929,0.0,12777.769
77,10033486,Mugonero,1.0,2019,b season,potato,-2.27967905325086,29.3872051691133,0.0150000005960464,1.0,4999.9971
78,9e59d94c,Rutsiro,1.0,2019,b season,potato,-1.90716831538737,29.440999306711,0.025000000372529,1.0,9111.1045
79,69348481,Mugonero,1.0,2019,b season,potato,-2.28683732776268,29.3576327586882,0.0150000005960464,1.0,15555.545
80,46e3344f,Karongi,0.0,2019,b season,potato,-2.2369127,29.454103,0.0100000007078052,0.0,10555.549
81,b84241ba,Gatsibo,0.0,2019,b season,potato,-1.6580452,30.3628143,0.0700000002980232,1.0,4861.1074
82,e6f0a5fb,Karongi,0.0,2019,b season,potato,-2.2384052,29.4555505,0.0200000014156103,1.0,1599.999
83,fe846d84,Mugonero,1.0,2019,b season,potato,-2.28631366110676,29.391850510172,0.0200000014156103,1.0,4722.2192
84,257cad41,Mugonero,0.0,2019,b season,potato,-2.2277947,29.3467414,0.0120000001043081,1.0,27333.314
85,6233a3eb,Nyagatare,0.0,2019,b season,potato,-1.28477346262069,30.2580045744281,0.5,1.0,4444.4414
86,d865ede1,Mugonero,1.0,2019,b season,potato,-2.2810340210627,29.3699472956761,0.0200000014156103,1.0,1444.4435
87,68132db4,Gatsibo,0.0,2019,b season,potato,-1.73652942774359,30.3452029727799,0.0315000005066395,0.0,6111.1069
88,51da81ed,Mugonero,0.0,2019,b season,potato,-2.2254214,29.3488572,0.0350000001490116,1.0,9861.1035
89,9b34775a,Karongi,0.0,2019,b season,potato,-2.2405089,29.451296,0.0400000028312206,1.0,13888.879
90,e376166f,Gatsibo,0.0,2019,b season,potato,-1.63180469717783,30.3680907335563,0.202500000596047,0.0,9444.4385
91,fd0893d1,Mugonero,1.0,2019,b season,potato,-2.28817970519143,29.3591165811374,0.017000000923872,1.0,18166.654
92,a021a3c6,Nyagatare,0.0,2019,b season,potato,-1.31894528844061,30.3682284183577,0.0230000000447035,0.0,1799.9989
93,76b27320,Gatsibo,0.0,2019,b season,potato,-1.6643384,30.3289944,0.0300000011920929,1.0,3333.3308
94,bb400963,Gatsibo,0.0,2019,b season,potato,-1.63162169409085,30.3678559818827,0.319099992513657,0.0,11666.658
95,38be761e,Nyagatare,0.0,2019,b season,potato,-1.27388197757817,30.3588579481417,0.100000001490116,0.0,17388.877
96,dd54c505,Gatsibo,0.0,2019,b season,potato,-1.5917836,30.353381,0.0500000007450581,0.0,2888.887
97,20c72c78,Gatsibo,0.0,2019,b season,potato,-1.59455992115257,30.5114065520288,0.115599997341633,1.0,9999.9941
98,c8fb809e,Mugonero,1.0,2019,b season,potato,-2.33944414298646,29.3922582974164,0.0300000011920929,1.0,8888.8828
99,fe4e570b,Nyagatare,0.0,2019,b season,potato,-1.3751758,30.2525348,0.100000001490116,0.0,15999.989
100,7804f3c9,Gatsibo,0.0,2019,b season,potato,-1.68314070444736,30.3907041965929,0.225600004196167,0.0,8888.8828
101,87c96087,Nyagatare,0.0,2019,b season,potato,-1.27927687759621,30.2614969959353,0.120000004768372,0.0,1944.4431
102,e2ad9f47,Karongi,0.0,2019,b season,potato,-2.2387326,29.4561328,0.0200000014156103,1.0,0.0
103,5027d774,Rutsiro,1.0,2019,b season,potato,-1.96775380997808,29.5092487429426,0.025000000372529,1.0,2249.9983
104,20f207a2,Rutsiro,1.0,2019,b season,potato,-1.91351766511874,29.4432107019489,0.0300000011920929,1.0,8194.4385
105,a1ea738e,Rutsiro,1.0,2019,b season,potato,-1.9507664977489,29.5066156878154,0.0400000028312206,1.0,3472.2197
106,33914163,Rutsiro,1.0,2019,b season,potato,-1.93037155796974,29.4454983205428,0.0150000005960464,1.0,2416.6648
107,977b1049,Gatsibo,0.0,2019,b season,potato,-1.7364419476825,30.3576170392726,0.0516999997198582,0.0,4833.3301
108,c39771db,Gatsibo,0.0,2019,b season,potato,-1.6020491,30.3858828,0.150000005960465,1.0,5555.5513
109,70d5aa5c,Karongi,0.0,2019,b season,potato,-2.2128827,29.4420984,0.0200000014156103,1.0,5199.9966
110,049b0705,Gatsibo,0.0,2019,b season,potato,-1.70010142791494,30.3486134443655,0.112199999392033,0.0,15499.989
111,ade25993,Mugonero,1.0,2019,b season,potato,-2.33307635363201,29.3908447169318,0.0300000011920929,1.0,14194.436
112,f05e2330,Gatsibo,0.0,2019,b season,potato,-1.6738638,30.4064135,0.129999995231628,1.0,2277.7761
113,6f822178,Rutsiro,0.0,2019,b season,potato,-1.83966938990108,29.3762830254315,0.0600000023841858,0.0,0.0
114,6b482850,Mugonero,1.0,2019,b season,potato,-2.32308319694093,29.389724389045,0.0200000014156103,1.0,14611.101
115,e838f682,Rubengera,0.0,2019,b season,potato,-2.0300188,29.4589659,0.0350000001490116,0.0,21666.652
116,9629ed4f,Gatsibo,0.0,2019,b season,potato,-1.6244222,30.3823797,0.100000001490116,0.0,3222.22
117,48ea83c7,Rutsiro,1.0,2016,a season,potato,-1.92319576927582,29.4828140451946,0.03000283613801,1.0,9266.6592
118,f5c2f901,Rubengera,1.0,2016,a season,potato,-2.00328357517719,29.4943209271878,0.03000283613801,0.0,7999.9946
119,e9ae9e69,LWH East,0.0,2016,b season,potato,-2.02271752950125,30.3296177474914,0.0900085121393204,0.0,3999.9973
120,0c6f0262,LWH East,0.0,2016,b season,potato,-2.00907699272978,30.3051686678237,0.015001418069005,0.0,5399.9966
121,fc53d709,Karongi,0.0,2016,b season,potato,-2.06361710093916,29.5033648330718,0.0200018901377916,0.0,2999.998
122,7d01be31,Kayonza,0.0,2016,b season,potato,-2.02325931793119,30.6526842262323,0.0400037802755833,0.0,7399.9956
123,e037dcea,Rutsiro,1.0,2016,b season,potato,-1.97120379111461,29.4589015601319,0.0450042560696602,1.0,3199.998
124,d499989c,LWH West,1.0,2016,b season,potato,-2.03070932557435,29.4873733006621,0.0120011353865266,0.0,5599.9966
125,ab6b55f2,Rutsiro,1.0,2016,b season,potato,-1.9118794636883,29.4273123273961,0.0450042560696602,0.0,10999.992
126,94c26fb5,LWH East,1.0,2016,b season,potato,-1.97690274853527,30.2956537107805,0.0600056722760201,0.0,11199.993
127,fc9a0718,Karongi,0.0,2016,b season,potato,-2.06474061124027,29.5015931501985,0.0250023640692234,0.0,4399.9971
128,196f5d14,Rutsiro,1.0,2016,b season,potato,-1.93636828040282,29.4375110593062,0.0250023640692234,1.0,11399.992
129,da457f29,Gatsibo,0.0,2016,b season,potato,-1.62097509815405,30.312271203965,0.0200018901377916,0.0,5599.9966
130,4d9fea88,LWH East,0.0,2016,b season,potato,-2.0063744267217,30.3467892711316,0.0200018901377916,0.0,2799.9983
131,c05e3ed0,Mugonero,1.0,2016,b season,potato,-2.21324868693065,29.3584371401694,0.0250023640692234,0.0,10399.993
132,1cea0129,LWH East,0.0,2016,b season,potato,-2.00886117819564,30.2824099289207,0.0600056722760201,0.0,1999.9987
133,49febef9,Kayonza,0.0,2016,b season,potato,-2.02653422000828,30.6352731955316,0.100009456276894,0.0,1999.9987
134,fe22a342,Rutsiro,1.0,2016,b season,potato,-1.93537374035791,29.4414102633429,0.03000283613801,1.0,999.99933
135,34735729,LWH East,1.0,2016,b season,potato,-1.97715789879589,30.3003212566358,0.0600056722760201,1.0,5199.9966
136,4ac9bb8e,LWH East,0.0,2016,b season,potato,-1.98408439820398,30.3227445112337,0.0260024592280388,1.0,2599.9983
137,d3a34dfa,Rutsiro,1.0,2016,b season,potato,-1.93584051660194,29.4425325304097,0.0200018901377916,0.0,3399.9978
138,e5e46a35,Rutsiro,1.0,2016,b season,potato,-1.92952562839282,29.4437859101345,0.0550052002072334,1.0,1999.9987
139,0db15cb2,LWH East,0.0,2016,b season,potato,-2.00638302742152,30.2772689182117,0.0200018901377916,1.0,3599.9978
140,05e2d614,LWH East,0.0,2016,b season,potato,-2.01103272724231,30.281983568211,0.0600056722760201,0.0,4399.9971
141,ed80b0d9,Kayonza,0.0,2016,b season,potato,-2.01952228428309,30.6490874668336,0.03000283613801,0.0,799.99951
142,2d16855e,LWH East,0.0,2016,b season,potato,-2.05582021248387,30.3405479886575,0.015001418069005,0.0,8799.9941
143,ba79dec4,LWH East,0.0,2016,b season,potato,-2.01412762398682,30.2796740070529,0.0250023640692234,0.0,3999.9973
144,cddef9d0,Mugonero,1.0,2016,b season,potato,-2.21320796712104,29.3585861770815,0.0250023640692234,0.0,9799.9941
145,fa7d50da,Karongi,1.0,2016,b season,potato,-2.00391142163426,29.5049892459065,0.0600056722760201,0.0,24599.982
146,429bb990,LWH East,0.0,2016,b season,potato,-2.01922673876428,30.3346758560035,0.03000283613801,0.0,1699.9989
147,ae40e96f,Mugonero,1.0,2016,b season,potato,-2.20474668805929,29.3227811324919,0.0183017309755087,0.0,3399.9978
148,9c03ab47,Rutsiro,1.0,2016,b season,potato,-1.93028382934105,29.4700840577964,0.0250023640692234,1.0,6399.9961
149,43f7b4d0,Mugonero,1.0,2016,b season,potato,-2.21793284281082,29.3545958424408,0.0108010219410062,0.0,14199.99
150,943eeb59,Mugonero,0.0,2016,b season,potato,-2.21077308040027,29.3521936937815,0.0640060529112816,1.0,14899.99
151,3d41997d,LWH East,1.0,2016,b season,potato,-2.07612017176336,30.324675528276,0.015001418069005,0.0,999.99933
152,cf495fa8,LWH East,0.0,2016,b season,potato,-2.05773329035738,30.3519519058678,0.0200018901377916,1.0,12999.991
153,9858be03,Gatsibo,0.0,2016,b season,potato,-1.66854457254352,30.2714750044963,0.0800075605511665,0.0,3599.9978
154,aacae5b3,Mugonero,0.0,2016,b season,potato,-2.21003738029797,29.3354928973238,0.027002552524209,0.0,11999.992
155,7068c73a,Mugonero,0.0,2016,b season,potato,-2.20859828558495,29.3312711644342,0.0330031216144562,0.0,6599.9956
156,bac03ad8,LWH East,0.0,2016,b season,potato,-2.00451612833976,30.3312029751432,0.0500047281384468,1.0,3230.926
157,8c3ec264,Rutsiro,1.0,2016,b season,potato,-1.9345677998043,29.4430548619848,0.015001418069005,0.0,3999.9973
158,abb6afa5,Mugonero,1.0,2016,b season,potato,-2.21759666495792,29.3534288585312,0.0288027264177799,0.0,6822.2173
159,196d1d37,LWH East,0.0,2016,b season,potato,-2.05712134157269,30.3272055611916,0.0900085121393204,0.0,1823.0443
160,5917b550,Mugonero,1.0,2016,b season,potato,-2.21301165199047,29.3552898344299,0.0100009450688958,0.0,10199.994
161,9e89eb0d,Karongi,1.0,2016,b season,potato,-2.00174105353653,29.5035462174565,0.150014191865921,0.0,4199.9971
162,d642ebc7,Rutsiro,1.0,2016,b season,potato,-1.92362589139351,29.4838998226783,0.0700066238641739,0.0,5399.9966
163,2e173b5b,Rutsiro,0.0,2016,b season,potato,-1.98544700516962,29.4446548715194,0.0550052002072334,0.0,7399.9956
164,7019a176,LWH East,0.0,2016,b season,potato,-2.05665189757499,30.3546113658442,0.0600056722760201,0.0,99.999939
165,58af8282,LWH East,1.0,2016,b season,potato,-2.09137031353534,30.2950959626265,0.0200018901377916,0.0,1199.9993
166,998331bf,Karongi,1.0,2016,b season,potato,-2.00327527709305,29.5055303815752,0.0500047281384468,0.0,12999.991
167,497edbc2,LWH East,0.0,2016,b season,potato,-2.00554403770858,30.2798432160653,0.0600056722760201,0.0,2199.9985
168,b8a8ab2b,Mugonero,1.0,2019,a season,potato,-2.34380342826027,29.3878382161172,0.148000001907349,1.0,26888.867
169,a4cd3e68,Rutsiro,1.0,2019,a season,potato,-1.89968438706259,29.2961728792918,0.0800000056624413,1.0,26166.648
170,fea88d43,Mugonero,1.0,2019,a season,potato,-2.34072073541044,29.3878408685796,0.0979999974370003,1.0,19999.988
171,5191cd75,Rusizi,0.0,2019,b season,potato,-2.45824835445674,28.9901144817118,0.0350000001490116,1.0,10666.659
172,24c9ae54,Gisagara,0.0,2019,b season,potato,-2.48279715799135,29.8162006926149,0.0300000011920929,0.0,3944.4417
173,a475f092,Mugonero,1.0,2020,a season,potato,-2.28625496555359,29.3903873851615,0.0300000011920929,1.0,3944.4417
174,e6b90a2f,Kayonza,0.0,2020,a season,potato,-1.81562609,30.45769268,0.120000004768372,0.0,4999.9971
175,e16bc0fc,Ruhango,0.0,2020,a season,potato,-2.24089666666667,29.6104333333333,0.046000000089407,0.0,2834.5981
176,ed83b15c,Mugonero,1.0,2020,a season,potato,-2.32671004429713,29.3893109505269,0.0100000007078052,1.0,7406.2461
177,303d27e1,Ruhango,0.0,2020,a season,potato,-2.12748666666667,29.6587833333333,0.0120000001043081,0.0,8888.8828
178,0e32c676,Karongi,0.0,2020,a season,potato,-2.2152867,29.5113067,0.0200000014156103,0.0,388.88861
179,8bc46ea8,Ruhango,0.0,2020,a season,potato,-2.2374288,29.75680873,0.140000000596047,0.0,9999.9941
180,12ba1591,Kayonza,0.0,2020,a season,potato,-1.81622855,30.45592793,0.0300000011920929,0.0,2380.9507
181,e9b91ec9,Nyanza,1.0,2020,a season,potato,-2.37266641983162,29.6847538555175,0.0350000001490116,1.0,6261.1069
182,83879ffc,Kayonza,0.0,2020,b season,potato,-1.96884775161743,30.5179710388184,0.123000003397465,0.0,3194.4421
183,527f8b88,Mugonero,1.0,2020,b season,potato,-2.28723168373108,29.3777866363525,0.0100000007078052,1.0,6583.3286
184,1aaf5199,Mugonero,0.0,2020,b season,potato,-2.31157326698303,29.3845634460449,0.0200000014156103,0.0,17888.877
185,cd30dc1c,Bugesera,0.0,2020,b season,potato,-2.21842384338379,30.1250801086426,0.0300000011920929,0.0,1055.5548
186,556be827,Bugesera,0.0,2020,b season,potato,-2.238924741745,30.1328525543213,0.0500000007450581,0.0,6277.7739
187,d99d0b38,Bugesera,0.0,2020,b season,potato,-2.22594571113586,30.1081027984619,0.025000000372529,0.0,1153.3325
188,2add3d70,Gatsibo,0.0,2020,b season,potato,-1.67537844181061,30.3328495025635,0.0700000002980232,0.0,555.55518
189,c421f362,Gatsibo,0.0,2020,b season,potato,-1.79857504367828,30.3690433502197,0.0899999961256981,0.0,6277.7729
190,10c16569,Huye,1.0,2020,b season,potato,-2.49384093284607,29.6060180664062,0.025000000372529,1.0,4974.9966
191,89caa89f,Kamonyi,1.0,2020,b season,potato,-1.97783803939819,29.9104290008545,0.0300000011920929,1.0,8611.1045
192,d2142848,Kamonyi,0.0,2020,b season,potato,-2.01586198806763,29.9912090301514,0.0500000007450581,0.0,4444.4414
193,fbbdb7b0,Karongi,0.0,2020,b season,potato,-2.16641569137573,29.3901863098144,0.0200000014156103,0.0,8154.7568
194,3a3b1e3a,Karongi,0.0,2020,b season,potato,-2.18266153335571,29.39235496521,0.025000000372529,0.0,3333.3308
195,fa05897c,Karongi,1.0,2020,b season,potato,-2.18389010429382,29.3941192626953,0.0200000014156103,1.0,10533.326
196,4bd54264,Karongi,0.0,2020,b season,potato,-2.1826696395874,29.3923473358154,0.0300000011920929,0.0,23055.539
197,cdb21c19,Karongi,0.0,2020,b season,potato,-2.18102836608887,29.3846187591553,0.0300000011920929,0.0,4999.9971
198,e2056f9b,Karongi,1.0,2020,b season,potato,-2.22413325309753,29.4692516326904,0.0200000014156103,1.0,2583.3315
199,f30bee17,Kayonza,0.0,2020,b season,potato,-1.80784058570862,30.5774669647217,0.0600000023841858,0.0,16666.654
200,d794a9fb,Kayonza,0.0,2020,b season,potato,-1.80622935295105,30.5758991241455,0.200000002980232,0.0,11666.658
201,2c6165b1,Kayonza,1.0,2020,b season,potato,-1.82770097255707,30.6003665924072,1.5,1.0,8222.2168
202,3950c9b6,Kayonza,1.0,2020,b season,potato,-1.93743824958801,30.5646934509277,0.0600000023841858,1.0,6222.2178
203,1aac1a35,Kayonza,0.0,2020,b season,potato,-1.96412467956543,30.5565528869629,0.0600000023841858,0.0,2583.3315
204,fa2b9b22,Kayonza,0.0,2020,b season,potato,-1.81377184391022,30.489408493042,0.150000005960465,0.0,3333.3308
205,5985445f,Kayonza,0.0,2020,b season,potato,-1.8257691860199,30.4977302551269,0.0800000056624413,0.0,2799.9983
206,b4c74e2d,Kayonza,0.0,2020,b season,potato,-1.82598006725311,30.4976272583008,0.0899999961256981,0.0,11111.103
207,e5cb8280,Kayonza,0.0,2020,b season,potato,-1.80625927448273,30.5040340423584,0.151199996471405,0.0,8611.1055
208,b050de77,Kayonza,0.0,2020,b season,potato,-1.81644535064697,30.476505279541,0.0492999963462353,0.0,27777.758
209,7c5b42ec,Kayonza,0.0,2020,b season,potato,-1.82026588916779,30.4813270568848,0.120000004768372,0.0,7388.8833
210,76acd9fc,Kayonza,1.0,2020,b season,potato,-1.96741080284119,30.5394420623779,0.0640000030398369,1.0,6111.1069
211,91a2c293,Kayonza,0.0,2020,b season,potato,-1.95884680747986,30.5276165008545,0.0600000023841858,0.0,7222.2168
212,6d322411,Kayonza,0.0,2020,b season,potato,-1.9841730594635,30.5359497070312,0.0400000028312206,0.0,1611.11
213,8b005a77,Kayonza,0.0,2020,b season,potato,-1.98882222175598,30.5300216674805,0.0480000004172325,0.0,6666.6616
214,8124c024,Kayonza,0.0,2020,b season,potato,-1.98012697696686,30.5358963012695,0.0200000014156103,0.0,6944.4395
215,43d500aa,Kayonza,0.0,2020,b season,potato,-1.97097611427307,30.5199661254883,0.150000005960465,0.0,6694.4399
216,7a346b6f,Mugonero,0.0,2020,b season,potato,-2.21168613433838,29.3495216369629,0.0500000007450581,0.0,16611.1
217,daefb957,Mugonero,0.0,2020,b season,potato,-2.20801949501038,29.3523483276367,0.0145000005140901,0.0,13333.323
218,eb580753,Mugonero,0.0,2020,b season,potato,-2.21389365196228,29.3504104614258,0.025000000372529,0.0,5779.9966
219,16af53e3,Mugonero,0.0,2020,b season,potato,-2.21168112754822,29.3519668579102,0.025000000372529,0.0,24749.984
220,21fa6a67,Mugonero,0.0,2020,b season,potato,-2.24502205848694,29.3685569763184,0.0300000011920929,0.0,11111.103
221,64389939,Mugonero,0.0,2020,b season,potato,-2.25732612609863,29.3419971466064,0.0150000005960464,0.0,3124.998
222,142f2aeb,Mugonero,0.0,2020,b season,potato,-2.20887088775635,29.3381328582764,0.0100000007078052,0.0,5111.1074
223,c100abba,Mugonero,0.0,2020,b season,potato,-2.20949077606201,29.3380832672119,0.0100000007078052,0.0,13222.215
224,4bd2f7fe,Mugonero,0.0,2020,b season,potato,-2.21627354621887,29.3403606414795,0.0143999997526407,0.0,9722.2158
225,8f0b7236,Mugonero,0.0,2020,b season,potato,-2.21406650543213,29.3409461975098,0.025000000372529,0.0,9555.5488
226,e7055a74,Mugonero,0.0,2020,b season,potato,-2.21180033683777,29.3374500274658,0.300000011920929,0.0,7999.9946
227,9c386389,Mugonero,0.0,2020,b season,potato,-2.21348071098328,29.3411293029785,0.150000005960465,0.0,3611.1086
228,c3f4bcc8,Mugonero,1.0,2020,b season,potato,-2.27882361412048,29.3854675292969,0.0300000011920929,1.0,8333.3271
229,6c670426,Mugonero,1.0,2020,b season,potato,-2.28171348571777,29.3819351196289,0.0100000007078052,1.0,16249.989
230,9f31730f,Mugonero,0.0,2020,b season,potato,-2.28906941413879,29.3564510345459,0.0259999986737967,0.0,7936.5034
231,ae4d11b2,Mugonero,1.0,2020,b season,potato,-2.27804183959961,29.3857822418213,0.179999992251396,1.0,13333.323
232,ace1bbd1,Mugonero,1.0,2020,b season,potato,-2.27912592887878,29.3841457366943,0.0100000007078052,1.0,5749.9966
234,ec9240c1,Mugonero,0.0,2020,b season,potato,-2.3418505191803,29.3879146575928,0.0200000014156103,0.0,14711.102
235,b822a131,Mugonero,0.0,2020,b season,potato,-2.34471321105957,29.3872928619385,0.0400000028312206,0.0,17777.766
236,e9ec3fd6,Mugonero,0.0,2020,b season,potato,-2.34699153900146,29.3839607238769,0.0200000014156103,0.0,31666.646
238,585691ec,Mugonero,0.0,2020,b season,potato,-2.35165786743164,29.3865299224854,0.0200000014156103,0.0,25611.094
240,ad8d4e20,Mugonero,1.0,2020,b season,potato,-2.34051513671875,29.3882713317871,0.0100000007078052,1.0,27972.203
241,7c523f33,Mugonero,0.0,2020,b season,potato,-2.34283971786499,29.3880043029785,0.0400000028312206,0.0,19472.207
242,f0a7dcac,Mugonero,0.0,2020,b season,potato,-2.34556889533997,29.3863220214844,0.0500000007450581,0.0,26333.314
243,d7dd21a6,Mugonero,0.0,2020,b season,potato,-2.34371590614319,29.3875942230225,0.0160000007599592,0.0,12777.769
244,54b92b82,Mugonero,0.0,2020,b season,potato,-2.34444260597229,29.3891716003418,0.025000000372529,0.0,17772.207
245,c8ca91d7,Mugonero,0.0,2020,b season,potato,-2.34544682502747,29.3871383666992,0.0500000007450581,0.0,23333.316
246,d87a9884,Mugonero,1.0,2020,b season,potato,-2.31091356277466,29.4024257659912,0.0050000003539026,1.0,26791.65
247,bb3fae1a,Mugonero,1.0,2020,b season,potato,-2.32041907310486,29.3900051116943,0.600000023841858,1.0,15888.878
248,513fc67a,Mugonero,1.0,2020,b season,potato,-2.31062507629394,29.4029731750488,0.0100000007078052,1.0,22499.984
249,72b3ce8f,Mugonero,0.0,2020,b season,potato,-2.33291625976562,29.3911819458008,0.0100000007078052,0.0,1291.6658
250,44fe8a04,Mugonero,1.0,2020,b season,potato,-2.32212138175964,29.3921413421631,0.0500000007450581,1.0,18555.541
251,ebfa4042,Mugonero,1.0,2020,b season,potato,-2.31275749206543,29.4006843566894,0.0150000005960464,1.0,10361.103
252,18f9a35d,Mugonero,1.0,2020,b season,potato,-2.32255482673645,29.39524269104,0.0649999976158142,1.0,7555.5498
253,3b05d025,Mugonero,1.0,2020,b season,potato,-2.31924533843994,29.3974266052246,0.0150000005960464,1.0,9812.4941
254,4e825f02,Mugonero,0.0,2020,b season,potato,-2.32056975364685,29.387508392334,0.0075000002980232,0.0,14388.88
255,596a9ad7,Mugonero,1.0,2020,b season,potato,-2.31042718887329,29.4023208618164,0.800000011920929,1.0,14277.768
256,2e504d5e,Mugonero,1.0,2020,b season,potato,-2.32589817047119,29.3953876495361,0.0200000014156103,1.0,14416.656
257,1bf449e6,Mugonero,0.0,2020,b season,potato,-2.32666778564453,29.3876838684082,0.0129999993368983,0.0,15305.544
258,ef91e0a9,Mugonero,0.0,2020,b season,potato,-2.32110643386841,29.3872947692871,0.0141000002622604,0.0,18937.488
259,3dfc6d38,Mugonero,0.0,2020,b season,potato,-2.32594680786133,29.3881206512451,0.200000002980232,0.0,11222.215
260,565b7b7b,Mugonero,0.0,2020,b season,potato,-2.32220911979675,29.3869152069092,0.0100000007078052,0.0,8555.5488
261,ba316148,Mugonero,1.0,2020,b season,potato,-2.32449913024902,29.399621963501,0.0150000005960464,1.0,13499.991
262,3b7f66ba,Mugonero,1.0,2020,b season,potato,-2.32338833808899,29.3896713256836,0.0209999978542328,1.0,16611.1
263,beba1b86,Mugonero,0.0,2020,b season,potato,-2.31172251701355,29.3844776153564,0.025000000372529,0.0,13888.879
264,72832201,Mugonero,1.0,2020,b season,potato,-2.31563401222229,29.3879814147949,0.044999998062849,1.0,16444.432
265,4a22655f,Mugonero,0.0,2020,b season,potato,-2.31132030487061,29.3880977630615,0.0100000007078052,0.0,15624.989
266,c888ca24,Mugonero,1.0,2020,b season,potato,-2.28828907012939,29.4012870788574,0.0150000005960464,1.0,4444.4414
267,d9fd118b,Mugonero,0.0,2020,b season,potato,-2.31705760955811,29.3832302093506,0.0400000028312206,0.0,8888.8828
268,6f763a0f,Mugonero,1.0,2020,b season,potato,-2.3103358745575,29.4029541015625,0.0200000014156103,1.0,10833.326
269,e679aad6,Mugonero,0.0,2020,b season,potato,-2.31390261650085,29.3860111236572,0.0100000007078052,0.0,20861.096
271,dd6ebd6c,Mugonero,0.0,2020,b season,potato,-2.31604194641113,29.3882179260254,0.300000011920929,0.0,12777.769
272,d47976ff,Mugonero,0.0,2020,b season,potato,-2.31200361251831,29.389461517334,0.0200000014156103,0.0,6666.6616
273,b72edc1a,Mugonero,0.0,2020,b season,potato,-2.31524395942688,29.3877086639404,0.0150000005960464,0.0,4166.6636
274,8d086b21,Mugonero,0.0,2020,b season,potato,-2.31447434425354,29.3864994049072,0.025000000372529,0.0,4999.9971
275,09baae8b,Mugonero,1.0,2020,b season,potato,-2.30969643592835,29.4031200408936,0.349999994039536,1.0,31888.867
276,7c733a09,Mugonero,1.0,2020,b season,potato,-2.32353448867798,29.3907432556152,0.0160000007599592,1.0,12999.991
277,eae5b840,Ngoma,0.0,2020,b season,potato,-2.18427896499634,30.513240814209,0.284999996423721,0.0,2222.2207
278,86f03175,Ngoma,0.0,2020,b season,potato,-2.18394994735718,30.5430374145508,0.129999995231628,0.0,9444.4385
279,2a72219c,Ngoma,1.0,2020,b season,potato,-2.18477749824524,30.5333728790283,0.150000005960465,1.0,14499.988
280,00827c3a,Ngororero,1.0,2020,b season,potato,-1.76205027103424,29.5510482788086,0.0400000028312206,1.0,8888.8828
281,dccedba3,Ngororero,1.0,2020,b season,potato,-1.75189816951752,29.5428028106689,0.0400000028312206,1.0,19749.986
282,a43dbc5e,Ngororero,1.0,2020,b season,potato,-1.76057004928589,29.5270366668701,0.0350000001490116,1.0,12999.991
283,cc6c4908,Ngororero,0.0,2020,b season,potato,-1.76976644992828,29.5249347686768,0.0350000001490116,0.0,7111.106
284,173374be,Nyagatare,0.0,2020,b season,potato,-1.215287566185,30.426570892334,0.25,0.0,5129.9961
285,9a0cb5ec,Nyamagabe,0.0,2020,b season,potato,-2.45875287055969,29.4644908905029,0.0115000000223517,0.0,6805.5503
286,211ca8de,Nyamagabe,0.0,2020,b season,potato,-2.45866870880127,29.4645195007324,0.0116999996826053,0.0,21472.205
287,a588e460,Nyamagabe,1.0,2020,b season,potato,-2.38947939872742,29.3817386627197,0.0115999998524785,1.0,7983.3271
288,58cdd884,Nyamagabe,1.0,2020,b season,potato,-2.38785672187805,29.3808460235596,0.0100000007078052,1.0,11311.104
289,6cf88701,Nyamagabe,1.0,2020,b season,potato,-2.41525793075561,29.4670314788818,0.025000000372529,1.0,6694.4399
290,d3be2ebd,Nyamagabe,0.0,2020,b season,potato,-2.418532371521,29.4582614898682,0.012300000526011,0.0,8888.8828
291,0ac1a872,Nyamagabe,1.0,2020,b season,potato,-2.46430706977844,29.4446983337402,0.0200000014156103,1.0,14611.102
292,488416da,Nyamagabe,1.0,2020,b season,potato,-2.47735381126404,29.4465808868408,0.0275000017136335,1.0,12133.325
293,5ed63abd,Nyamagabe,0.0,2020,b season,potato,-2.46870613098144,29.4521808624268,0.0400000028312206,0.0,12138.881
294,ab200cd1,Nyamagabe,1.0,2020,b season,potato,-2.41851687431335,29.4108505249023,0.0550000034272671,1.0,7083.3281
295,3b48d145,Nyamagabe,1.0,2020,b season,potato,-2.41027355194092,29.3959007263184,0.0175000000745058,1.0,12611.103
296,36931d81,Nyamagabe,1.0,2020,b season,potato,-2.42665767669678,29.3944034576416,0.0300000011920929,1.0,13611.101
297,ebfc71c5,Nyamagabe,1.0,2020,b season,potato,-2.40104079246521,29.4106769561768,0.0100000007078052,1.0,20166.652
298,bc751bac,Nyamagabe,1.0,2020,b season,potato,-2.37296342849731,29.4448223114014,0.0241999998688698,1.0,6388.8843
299,437ae249,Nyamasheke,0.0,2020,b season,potato,-2.37561202049255,29.2077560424805,0.0200000014156103,0.0,10166.66
300,6801ed0e,Nyamasheke,0.0,2020,b season,potato,-2.43087077140808,29.2205467224121,0.025000000372529,0.0,2444.4429
301,f9e85897,Rubengera,0.0,2020,b season,potato,-2.00353002548218,29.4923801422119,0.0400000028312206,0.0,13666.657
302,e7d65fb8,Rubengera,0.0,2020,b season,potato,-1.99881589412689,29.4953651428223,0.129999995231628,0.0,23194.426
303,8b111765,Rubengera,0.0,2020,b season,potato,-2.00073528289795,29.4944972991943,0.120000004768372,0.0,23444.43
304,7d89cd3a,Rubengera,0.0,2020,b season,potato,-2.00442171096802,29.4947872161865,0.120000004768372,0.0,10694.438
305,2124b9bb,Rubengera,0.0,2020,b season,potato,-2.00384187698364,29.4916133880615,0.0150000005960464,0.0,14111.103
306,e1bf2408,Rubengera,0.0,2020,b season,potato,-2.00854301452637,29.4852924346924,0.025000000372529,0.0,11749.991
307,8845aa48,Rubengera,0.0,2020,b season,potato,-2.00562500953674,29.4921569824219,2.0,0.0,30444.426
308,6e4617bf,Rubengera,0.0,2020,b season,potato,-2.00676822662354,29.488224029541,0.0600000023841858,0.0,18166.654
309,99f10db2,Rubengera,0.0,2020,b season,potato,-2.0123553276062,29.4734935760498,0.0300000011920929,0.0,9999.9941
310,c92275c9,Rubengera,0.0,2020,b season,potato,-2.01861095428467,29.4645519256592,0.0300000011920929,0.0,13888.879
311,3de6f94d,Rubengera,0.0,2020,b season,potato,-2.02278709411621,29.4610862731934,0.0400000028312206,0.0,9444.4385
312,66cc3932,Rubengera,0.0,2020,b season,potato,-2.02316093444824,29.4664535522461,0.0200000014156103,0.0,5714.2822
313,af27d89c,Rubengera,0.0,2020,b season,potato,-2.01252388954163,29.4739437103271,0.0400000028312206,0.0,18749.986
314,167c5d2a,Rubengera,0.0,2020,b season,potato,-2.02989888191223,29.4474487304688,0.025000000372529,0.0,8333.3271
315,126ef93b,Rubengera,0.0,2020,b season,potato,-2.05766153335571,29.5208911895752,0.0150000005960464,0.0,6249.9961
316,c39d54d8,Rutsiro,0.0,2020,b season,potato,-1.93056511878967,29.419921875,0.0300000011920929,0.0,14999.99
317,d475101d,Rutsiro,0.0,2020,b season,potato,-1.93429005146027,29.4145927429199,0.0100000007078052,0.0,3571.4263
318,c2d4cd42,Rutsiro,1.0,2020,b season,potato,-1.93086314201355,29.4195728302002,0.0200000014156103,1.0,14999.99
319,b1de51af,Rutsiro,0.0,2020,b season,potato,-1.91789662837982,29.4448108673096,0.0800000056624413,0.0,9999.9941
320,1ca26b11,Rutsiro,0.0,2020,b season,potato,-1.91317713260651,29.444091796875,0.120000004768372,0.0,6661.1069
321,e1be2c01,Rutsiro,0.0,2020,b season,potato,-1.91297101974487,29.4281120300293,0.0400000028312206,0.0,5449.9961
322,1f9faca5,Rutsiro,0.0,2020,b season,potato,-1.91670882701874,29.4294033050537,0.0300000011920929,0.0,2527.7761
323,7543e781,Rwamagana,1.0,2020,b season,potato,-1.86140525341034,30.2637825012207,0.044999998062849,1.0,23888.873
